timestamp,date_GMT,status,attendance,home_team_name,away_team_name,Pre-Match PPG (Home),Pre-Match PPG (Away),home_ppg,away_ppg,home_team_goal_count,away_team_goal_count,total_goal_count,total_goals_at_half_time,home_team_goal_count_half_time,away_team_goal_count_half_time,home_team_goal_timings,away_team_goal_timings,home_team_corner_count,away_team_corner_count,home_team_yellow_cards,home_team_red_cards,away_team_yellow_cards,away_team_red_cards,home_team_shots,away_team_shots,home_team_shots_on_target,away_team_shots_on_target,home_team_shots_off_target,away_team_shots_off_target,home_team_fouls,away_team_fouls,home_team_possession,away_team_possession,average_goals_per_match_pre_match,btts_percentage_pre_match,over_15_percentage_pre_match,over_25_percentage_pre_match,over_35_percentage_pre_match,over_45_percentage_pre_match,over_15_HT_FHG_percentage_pre_match,over_05_HT_FHG_percentage_pre_match,average_corners_per_match_pre_match,average_cards_per_match_pre_match,odds_ft_home_team_win,odds_ft_draw,odds_ft_away_team_win,odds_ft_over15,odds_ft_over25,odds_ft_over35,odds_ft_over45,odds_btts_yes,odds_btts_no,stadium_name
1486580400,Feb 8 2017 - 7:00pm,complete,312,Murici,Juventude,0.00,0.00,1.33,0.00,3,1,4,3,2,1,"17,38,50","19",4,3,1,0,2,0,11,8,6,6,5,2,11,19,57,43,0.00,0,0,0,0,0,0,0,0.00,0.00,0,0,0,0,0,0,0,0,0,Estádio José Gomes da Costa (Murici- Alagoas)
1486588500,Feb 8 2017 - 9:15pm,complete,2756,Vitória da Conquista,Coritiba,0.00,0.00,1.00,1.00,1,1,2,0,0,0,"52","79",2,9,2,1,2,1,11,21,7,16,4,5,-1,-1,48,52,0.00,0,0,0,0,0,0,0,0.00,0.00,0,0,0,0,0,0,0,0,0,Estádio Lomanto Júnior (Vitória da Conquista- Bahia)
1486589400,Feb 8 2017 - 9:30pm,complete,8969,Campinense,Ponte Preta,0.00,0.00,0.00,3.00,0,2,2,0,0,0,"","71,73",3,6,1,0,3,0,15,13,7,5,8,8,22,19,54,46,0.00,0,0,0,0,0,0,0,0.00,0.00,0,0,0,0,0,0,0,0,0,Estádio Governador Ernani Sátyro (Campina Grande- Paraíba)
1486589400,Feb 8 2017 - 9:30pm,complete,1216,Luziânia,Vitória,0.00,0.00,0.00,1.67,0,2,2,1,0,1,"","23,56",-1,-1,1,0,1,0,-2,-2,-1,-1,-1,-1,-1,-1,49,51,0.00,0,0,0,0,0,0,0,0.00,0.00,0,0,0,0,0,0,0,0,0,Estádio Zequinha Roriz (Luziânia- Goiás)
1486593000,Feb 8 2017 - 10:30pm,complete,2028,Ferroviária,ASA,0.00,0.00,1.00,1.67,1,1,2,1,1,0,"31","90",0,1,4,0,2,0,15,8,8,5,7,3,18,23,46,54,0.00,0,0,0,0,0,0,0,0.00,0.00,0,0,0,0,0,0,0,0,0,Estádio Municipal Dr. Adhemar de Barros (Araraquara- São Paulo)
1486593000,Feb 8 2017 - 10:30pm,complete,3381,São Bento,Paraná,0.00,0.00,1.00,1.25,1,1,2,1,1,0,"23","90",7,10,3,0,5,0,8,17,3,9,5,8,16,26,51,49,0.00,0,0,0,0,0,0,0,0.00,0.00,0,0,0,0,0,0,0,0,0,Centro de Integração Comunitário Walter Ribeiro (Sorocaba- São Paulo)
1486593000,Feb 8 2017 - 10:30pm,complete,1371,PSTC,Ypiranga Erechim,0.00,0.00,1.50,0.00,2,1,3,1,1,0,"40,85","63",4,3,3,0,5,1,12,12,5,7,7,5,12,21,52,48,0.00,0,0,0,0,0,0,0,0.00,0.00,0,0,0,0,0,0,0,0,0,Estádio Municipal Ubirajara Medeiros (Cornélio Procópi- Paraná)
1486593000,Feb 8 2017 - 10:30pm,complete,1069,Osasco Audax,América RN,0.00,0.00,3.00,0.00,1,0,1,0,0,0,"81","",3,2,1,0,2,0,20,7,8,0,12,7,12,13,70,30,0.00,0,0,0,0,0,0,0,0.00,0.00,0,0,0,0,0,0,0,0,0,Estádio Municipal Prefeito José Liberatti (Osasco- São Paulo)
1486596600,Feb 8 2017 - 11:30pm,complete,2542,7 de Setembro,Ríver,0.00,0.00,3.00,0.00,1,0,1,1,1,0,"45","",-1,-1,3,0,1,0,-2,-2,-1,-1,-1,-1,-1,-1,50,50,0.00,0,0,0,0,0,0,0,0.00,0.00,0,0,0,0,0,0,0,0,0,Estádio Fredis Saldivar (Dourados- Mato Grosso do Sul)
1486596600,Feb 8 2017 - 11:30pm,complete,1368,Gurupi,Londrina,0.00,0.00,3.00,0.00,2,1,3,3,2,1,"2,22","18",-1,-1,4,0,3,0,-2,-2,-1,-1,-1,-1,-1,-1,49,51,0.00,0,0,0,0,0,0,0,0.00,0.00,0,0,0,0,0,0,0,0,0,Estádio Gilberto Resende Rocha (Gurupi- Tocantins)
1486596600,Feb 8 2017 - 11:30pm,complete,2465,São Francisco PA,Botafogo PB,0.00,0.00,3.00,0.00,3,0,3,1,1,0,"34,53,90'2","",-1,-1,5,0,2,1,-2,-2,-1,-1,-1,-1,-1,-1,50,50,0.00,0,0,0,0,0,0,0,0.00,0.00,0,0,0,0,0,0,0,0,0,Estádio Jader Fontenelle Barbalho (Santarém- Pará)
1486596600,Feb 8 2017 - 11:30pm,complete,1050,Rondoniense,Cuiabá,0.00,0.00,0.00,1.33,0,2,2,0,0,0,"","62,87",-1,-1,4,0,3,0,-2,-2,-1,-1,-1,-1,-1,-1,50,50,0.00,0,0,0,0,0,0,0,0.00,0.00,0,0,0,0,0,0,0,0,0,Estádio Aluízio Ferreira de Oliveira (Porto Velho- Rondônia)
1486596600,Feb 8 2017 - 11:30pm,complete,575,São Raimundo RR,Boa,0.00,0.00,0.00,3.00,0,2,2,0,0,0,"","52,90",-1,-1,2,1,4,0,-2,-2,-1,-1,-1,-1,-1,-1,47,53,0.00,0,0,0,0,0,0,0,0.00,0.00,0,0,0,0,0,0,0,0,0,Estádio da Vila Olímpica Roberto Marinho (Boa Vista- Roraima)
1486596600,Feb 8 2017 - 11:30pm,complete,870,Altos,CRB,0.00,0.00,3.00,0.00,2,0,2,1,1,0,"15,68","",3,4,3,0,5,1,18,10,11,3,7,7,25,15,51,49,0.00,0,0,0,0,0,0,0,0.00,0.00,0,0,0,0,0,0,0,0,0,Estádio Municipal Lindolfo Monteiro (Teresina- Piauí)
1486597500,Feb 8 2017 - 11:45pm,complete,7536,Caldense,Corinthians,0.00,0.00,0.00,2.00,0,1,1,1,0,1,"","40",4,9,3,0,1,0,8,19,4,8,4,11,24,11,39,61,0.00,0,0,0,0,0,0,0,0.00,0.00,0,0,0,0,0,0,0,0,0,Estádio Dr. Ronaldo Junqueira (Poços de Caldas- Minas Gerais)
1486600200,Feb 9 2017 - 12:30am,complete,6312,CSA,Sport Recife,0.00,0.00,0.00,1.50,1,4,5,2,1,1,"33","13,50,62,76",4,2,3,0,3,0,10,16,3,11,7,5,19,15,49,51,0.00,0,0,0,0,0,0,0,0.00,0.00,0,0,0,0,0,0,0,0,0,Estádio Rei Pelé (Maceió- Alagoas)
1486603800,Feb 9 2017 - 1:30am,complete,1865,Atlético Acreano,América Mineiro,0.00,0.00,0.00,2.00,0,2,2,1,0,1,"","29,87",7,5,3,0,2,0,7,11,4,5,3,6,-1,-1,48,52,0.00,0,0,0,0,0,0,0,0.00,0.00,0,0,0,0,0,0,0,0,0,Arena da Floresta (Rio Branco- Acre)
1486674900,Feb 9 2017 - 9:15pm,complete,88,EC São José,Sampaio Corrêa,0.00,0.00,1.00,0.50,1,1,2,1,0,1,"90'3","45",9,7,5,2,4,2,13,6,4,4,9,2,21,21,73,27,0.00,0,0,0,0,0,0,0,0.00,0.00,0,0,0,0,0,0,0,0,0,Estádio do Vale (Novo Hamburgo- Rio Grande do Sul)
1486681200,Feb 9 2017 - 11:00pm,complete,5321,Santos AP,Vasco da Gama,0.00,0.00,0.00,2.00,0,2,2,1,0,1,"","21,90",2,5,4,0,3,0,4,18,3,7,1,11,-1,-1,0,0,0.00,0,0,0,0,0,0,0,0.00,0.00,0,0,0,0,0,0,0,0,0,Arena das Dunas (Natal- Rio Grande do Norte)
1486683000,Feb 9 2017 - 11:30pm,complete,21402,Moto Club MA,São Paulo,0.00,0.00,0.00,2.50,0,1,1,1,0,1,"","2",3,6,3,0,3,0,10,15,2,9,8,6,12,20,35,65,0.00,0,0,0,0,0,0,0,0.00,0.00,0,0,0,0,0,0,0,0,0,Estádio Governador João Castelo Ribeiro Gonçalves (São Luís- Maranhão)
1487181600,Feb 15 2017 - 6:00pm,complete,681,Boavista,Ceará,0.00,0.00,1.50,0.00,1,0,1,0,0,0,"90'5","",5,3,4,0,4,0,14,11,7,4,7,7,19,21,48,52,0.00,0,0,0,0,0,0,0,0.00,0.00,0,0,0,0,0,0,0,0,0,Estádio Eucy Resende de Mendonça (Saquarema- Rio de Janeiro)
1487181600,Feb 15 2017 - 6:00pm,complete,439,Ceilândia,ABC,0.00,0.00,1.00,0.50,1,1,2,1,0,1,"65","28",1,2,2,0,5,0,14,10,4,5,10,5,14,20,55,45,0.00,0,0,0,0,0,0,0,0.00,0.00,0,0,0,0,0,0,0,0,0,Estádio Maria de Lourdes Abadia (Ceilândia- Distrito Federal)
1487193300,Feb 15 2017 - 9:15pm,complete,1228,Desportiva ES,Avaí,0.00,0.00,0.00,3.00,1,2,3,1,0,1,"75","28,60",-1,-1,2,0,3,0,-2,-2,-1,-1,-1,-1,-1,-1,52,48,0.00,0,0,0,0,0,0,0,0.00,0.00,0,0,0,0,0,0,0,0,0,Estádio Engenheiro Alencar Araripe (Cariacica- Espírito Santo)
1487193300,Feb 15 2017 - 9:15pm,complete,3340,Anápolis,Bragantino,0.00,0.00,1.00,0.50,0,0,0,0,0,0,"","",4,3,0,0,0,0,5,9,2,3,3,6,16,14,43,57,0.00,0,0,0,0,0,0,0,0.00,0.00,0,0,0,0,0,0,0,0,0,Estádio Municipal Jonas Duarte (Anápolis- Goiás)
1487197800,Feb 15 2017 - 10:30pm,complete,2201,Friburguense,Oeste,0.00,0.00,0.00,1.50,0,1,1,0,0,0,"","69",10,4,1,0,2,0,14,15,5,5,9,10,21,26,58,42,0.00,0,0,0,0,0,0,0,0.00,0.00,0,0,0,0,0,0,0,0,0,Estádio Eduardo Guinle (Nova Friburgo- Rio de Janeiro)
1487197800,Feb 15 2017 - 10:30pm,complete,3378,URT,Luverdense,0.00,0.00,0.00,1.67,1,2,3,1,0,1,"65","33,90",-1,-1,3,0,3,0,-2,-2,-1,-1,-1,-1,-1,-1,47,53,0.00,0,0,0,0,0,0,0,0.00,0.00,0,0,0,0,0,0,0,0,0,Estádio Zama Maciel (Patos de Minas- Minas Gerais)
1487198700,Feb 15 2017 - 10:45pm,complete,418,Comercial MS,Joinville,0.00,0.00,0.00,1.00,0,1,1,0,0,0,"","53",-1,-1,3,0,4,0,-2,-2,-1,-1,-1,-1,-1,-1,48,52,0.00,0,0,0,0,0,0,0,0.00,0.00,0,0,0,0,0,0,0,0,0,Estádio Universitário Pedro Pedrossian (Campo Grande- Mato Grosso do Sul)
1487201400,Feb 15 2017 - 11:30pm,complete,104,Uniclinic,Portuguesa,0.00,0.00,0.00,3.00,1,2,3,0,0,0,"64","57,83",4,1,3,0,3,0,18,11,5,7,13,4,17,13,56,44,0.00,0,0,0,0,0,0,0,0.00,0.00,0,0,0,0,0,0,0,0,0,Estádio Olímpico Horácio Domingos de Sousa (Horizonte- Ceará)
1487201400,Feb 15 2017 - 11:30pm,complete,4141,São Raimundo,Fortaleza,0.00,0.00,3.00,0.00,2,1,3,2,1,1,"34,73","24",-1,-1,1,0,3,0,-2,-2,-1,-1,-1,-1,-1,-1,48,52,0.00,0,0,0,0,0,0,0,0.00,0.00,0,0,0,0,0,0,0,0,0,Estádio Jader Fontenelle Barbalho (Santarém- Pará)
1487201400,Feb 15 2017 - 11:30pm,complete,1506,Itabaiana,Goiás,0.00,0.00,0.00,1.25,2,4,6,3,0,3,"60,80","7,14,40,55",6,1,3,0,1,0,23,9,9,6,14,3,13,12,62,38,0.00,0,0,0,0,0,0,0,0.00,0.00,0,0,0,0,0,0,0,0,0,Estádio Etelvino Mendonça (Itabaiana- Sergipe)
1487202300,Feb 15 2017 - 11:45pm,complete,2819,Volta Redonda,Cruzeiro,0.00,0.00,0.00,1.71,1,2,3,1,0,1,"67","15,61",3,9,2,0,4,0,9,23,4,12,5,11,9,10,50,50,0.00,0,0,0,0,0,0,0,0.00,0.00,0,0,0,0,0,0,0,0,0,Estádio Municipal General Raulino de Oliveira (Volta Redonda- Rio de Janeiro)
1487202300,Feb 15 2017 - 11:45pm,complete,1786,Globo,Fluminense,0.00,0.00,0.00,1.40,2,5,7,4,1,3,"41,74","6,23,32,50,62",6,1,3,0,0,0,15,13,5,7,10,6,-1,-1,0,0,0.00,0,0,0,0,0,0,0,0.00,0.00,0,0,0,0,0,0,0,0,0,Estádio Manoel Dantas Barreto (Ceara-Mirim- Rio Grande do Norte)
1487202300,Feb 15 2017 - 11:45pm,complete,4984,Princesa Solimões,Internacional,0.00,0.00,0.00,1.75,0,2,2,0,0,0,"","61,81",4,8,4,0,2,0,10,25,3,6,7,19,-1,-1,0,0,0.00,0,0,0,0,0,0,0,0.00,0.00,0,0,0,0,0,0,0,0,0,Estádio Olímpico Regional Arnaldo Busatto (Cascavel- Paraná)
1487205000,Feb 16 2017 - 12:30am,complete,2803,Guarani de Juazeiro,Náutico,0.00,0.00,3.00,0.00,1,0,1,0,0,0,"52","",-1,-1,0,0,2,0,-2,-2,-1,-1,-1,-1,-1,-1,47,53,0.00,0,0,0,0,0,0,0,0.00,0.00,0,0,0,0,0,0,0,0,0,Estádio Mauro Sampaio (Juazeiro do Norte- Ceará)
1487208600,Feb 16 2017 - 1:30am,complete,1412,Rio Branco,Figueirense,0.00,0.00,3.00,0.00,1,0,1,0,0,0,"82","",3,6,0,0,2,0,18,6,11,2,7,4,-1,-1,47,53,0.00,0,0,0,0,0,0,0,0.00,0.00,0,0,0,0,0,0,0,0,0,Arena da Floresta (Rio Branco- Acre)
1487268000,Feb 16 2017 - 6:00pm,complete,1623,Santo André,Criciúma,0.00,0.00,0.00,1.50,0,1,1,0,0,0,"","83",5,6,2,0,2,0,13,17,5,6,8,11,12,11,50,50,0.00,0,0,0,0,0,0,0,0.00,0.00,0,0,0,0,0,0,0,0,0,Estádio Bruno José Daniel (Santo André- São Paulo)
1487279700,Feb 16 2017 - 9:15pm,complete,2875,Brusque,Remo,0.00,0.00,2.00,0.00,2,1,3,2,1,1,"25,58","34",1,6,2,0,2,0,11,16,5,3,6,13,20,11,55,45,0.00,0,0,0,0,0,0,0,0.00,0.00,0,0,0,0,0,0,0,0,0,Estádio Augusto Bauer (Brusque- Santa Catarina)
1487287800,Feb 16 2017 - 11:30pm,complete,2351,Sinop,Salgueiro,0.00,0.00,1.50,0.00,1,0,1,0,0,0,"82","",-1,-1,3,2,2,3,-2,-2,-1,-1,-1,-1,-1,-1,52,48,0.00,0,0,0,0,0,0,0,0.00,0.00,0,0,0,0,0,0,0,0,0,Estádio Municipal Massami Uriú (Sinop- Mato Grosso)
1487287800,Feb 16 2017 - 11:30pm,complete,5974,Sergipe,Bahia,0.00,0.00,0.00,1.50,0,2,2,0,0,0,"","55,68",4,3,3,0,3,0,8,12,2,4,6,8,23,14,48,52,0.00,0,0,0,0,0,0,0,0.00,0.00,0,0,0,0,0,0,0,0,0,Estádio Estadual Lourival Baptista (Aracaju- Sergipe)
1487291400,Feb 17 2017 - 12:30am,complete,1993,Fast Clube,Vila Nova,0.00,0.00,1.00,1.00,1,1,2,0,0,0,"87","66",10,6,3,0,3,1,6,16,6,7,0,9,-1,-1,56,44,0.00,0,0,0,0,0,0,0,0.00,0.00,0,0,0,0,0,0,0,0,0,Arena da Amazônia (Manaus- Amazonas)
1487790000,Feb 22 2017 - 7:00pm,complete,719,Murici,América Mineiro,3.00,3.00,1.33,2.00,0,0,0,0,0,0,"","",2,2,3,1,2,1,5,9,3,5,2,4,12,15,53,47,3.00,50,100,50,50,0,50,100,9.00,3.00,0,0,0,0,0,0,0,0,0,Estádio José Gomes da Costa (Murici- Alagoas)
1487802600,Feb 22 2017 - 10:30pm,complete,1599,Portuguesa,Boavista,0.00,0.00,0.00,1.50,0,2,2,0,0,0,"","67,90'3",3,3,2,0,3,0,13,9,4,5,9,4,16,18,52,48,0.00,0,0,0,0,0,0,0,0.00,0.00,0,0,0,0,0,0,0,0,0,Estádio Dr. Oswaldo Teixeira Duarte (São Paulo- São Paulo)
1487802600,Feb 22 2017 - 10:30pm,complete,5374,Vitória,Bragantino,0.00,1.00,2.00,0.50,3,2,5,3,2,1,"21,27,54","34,77",4,5,3,0,2,0,13,14,7,7,6,7,15,18,49,51,0.00,0,0,0,0,0,0,0,3.00,0.00,0,0,0,0,0,0,0,0,0,Estádio Manoel Barradas (Salvador- Bahia)
1487802600,Feb 22 2017 - 10:30pm,complete,3416,Criciúma,Altos,0.00,0.00,1.00,1.00,2,2,4,1,1,0,"13,88","81,90'5",10,2,4,0,1,0,14,9,6,3,8,6,14,18,62,38,0.00,0,0,0,0,0,0,0,0.00,0.00,0,0,0,0,0,0,0,0,0,Estádio Heriberto Hülse (Criciúma- Santa Catarina)
1487810700,Feb 23 2017 - 12:45am,complete,2020,Sport Recife,7 de Setembro,0.00,0.00,2.50,0.00,3,0,3,2,2,0,"11,23,48","",2,2,1,0,2,0,16,13,8,5,8,8,12,8,60,40,0.00,0,0,0,0,0,0,0,0.00,0.00,0,0,0,0,0,0,0,0,0,Estádio Adelmar da Costa Carvalho (Recife- Pernambuco)
1487810700,Feb 23 2017 - 12:45am,complete,11931,Cruzeiro,São Francisco PA,0.00,0.00,2.00,0.00,6,0,6,5,5,0,"5,18,22,26,37,77","",1,1,0,0,1,0,16,4,11,2,5,2,13,9,52,48,0.00,0,0,0,0,0,0,0,0.00,0.00,0,0,0,0,0,0,0,0,0,Estádio Governador Magalhães Pinto (Belo Horizonte- Minas Gerais)
1487810700,Feb 23 2017 - 12:45am,complete,9308,Internacional,Oeste,0.00,3.00,2.50,1.50,4,1,5,3,3,0,"5,15,31,57","50",8,5,4,0,4,0,8,7,7,3,1,4,27,22,47,53,0.50,0,0,0,0,0,0,0,4.00,2.00,0,0,0,0,0,0,0,0,0,Estádio José Pinheiro Borda (Porto Alegre- Rio Grande do Sul)
1487896200,Feb 24 2017 - 12:30am,complete,5163,Coritiba,ASA,0.00,1.00,0.00,1.67,0,2,2,1,0,1,"","45,90'3",5,5,2,0,6,0,18,6,4,3,14,3,15,28,61,39,1.00,50,50,0,0,0,0,50,1.00,2.00,0,0,0,0,0,0,0,0,0,Estádio Major Antônio Couto Pereira (Curitiba- Paraná)
1488407400,Mar 1 2017 - 10:30pm,complete,1880,Joinville,São Raimundo,0.00,0.00,3.00,0.00,1,0,1,1,1,0,"23","",3,7,4,0,4,0,11,8,5,3,6,5,24,18,48,52,0.00,0,0,0,0,0,0,0,0.00,0.00,0,0,0,0,0,0,0,0,0,Arena Joinville (Joinville- Santa Catarina)
1488407400,Mar 1 2017 - 10:30pm,complete,4093,Avaí,Luverdense,0.00,3.00,1.00,1.67,1,1,2,1,0,1,"66","12",15,4,0,0,3,0,22,12,12,5,10,7,8,18,57,43,1.50,50,50,50,0,0,0,50,-1.00,3.00,0,0,0,0,0,0,0,0,0,Estádio Aderbal Ramos da Silva (Florianópolis- Santa Catarina)
1488407400,Mar 1 2017 - 10:30pm,complete,14604,PSTC,São Paulo,3.00,3.00,1.50,2.50,2,4,6,5,2,3,"15,45","14,36,43,72",3,2,3,0,3,0,12,18,6,8,6,10,17,18,43,57,2.00,50,50,50,0,0,0,100,10.00,6.00,0,0,0,0,0,0,0,0,0,Estádio Municipal Jacy Scaff (Londrina- Paraná)
1488407400,Mar 1 2017 - 10:30pm,complete,4158,ABC,Osasco Audax,0.00,0.00,1.00,1.00,1,1,2,0,0,0,"86","80",2,3,4,1,5,0,11,11,6,7,5,4,-1,-1,36,64,0.00,0,0,0,0,0,0,0,0.00,0.00,0,0,0,0,0,0,0,0,0,Estádio Maria Lamas Farache (Natal- Rio Grande do Norte)
1488407400,Mar 1 2017 - 10:30pm,complete,5806,Sinop,Fluminense,3.00,3.00,1.50,1.40,1,3,4,1,1,0,"19","53,73,82",6,8,4,1,4,0,12,17,8,10,4,7,-1,-1,0,0,4.00,50,50,50,50,50,50,50,0.00,7.00,0,0,0,0,0,0,0,0,0,Estádio Municipal Massami Uriú (Sinop- Mato Grosso)
1488411000,Mar 1 2017 - 11:30pm,complete,889,Sampaio Corrêa,Guarani de Juazeiro,0.00,0.00,1.50,0.00,2,0,2,0,0,0,"48,68","",2,8,2,0,3,0,26,22,12,7,14,15,32,14,50,50,0.00,0,0,0,0,0,0,0,0.00,0.00,0,0,0,0,0,0,0,0,0,Estádio Governador João Castelo Ribeiro Gonçalves (São Luís- Maranhão)
1488411000,Mar 1 2017 - 11:30pm,complete,2076,Gurupi,Rio Branco,3.00,0.00,3.00,0.00,2,0,2,0,0,0,"68,90","",-1,-1,1,0,5,1,-2,-2,-1,-1,-1,-1,-1,-1,51,49,1.50,50,50,50,0,0,50,50,-1.00,4.00,0,0,0,0,0,0,0,0,0,Estádio Gilberto Resende Rocha (Gurupi- Tocantins)
1488415500,Mar 2 2017 - 12:45am,complete,1224,Boa,Goiás,0.00,3.00,1.00,1.25,0,0,0,0,0,0,"","",3,5,2,0,3,0,7,13,3,5,4,8,22,18,37,63,3.00,50,50,50,50,50,50,50,1.00,1.00,0,0,0,0,0,0,0,0,0,Estádio Municipal Prefeito Dilzon Luiz de Melo (Varginha- Minas Gerais)
1488415500,Mar 2 2017 - 12:45am,complete,4070,Brusque,Corinthians,3.00,3.00,2.00,2.00,0,0,0,0,0,0,"","",1,5,2,0,3,0,9,13,3,5,6,8,16,19,45,55,2.00,50,50,50,0,0,50,100,10.00,3.00,0,0,0,0,0,0,0,0,0,Estádio Augusto Bauer (Brusque- Santa Catarina)
1488415500,Mar 2 2017 - 12:45am,complete,15613,Vila Nova,Vasco da Gama,0.00,3.00,0.00,2.00,1,2,3,2,1,1,"32","16,85",3,1,2,0,4,0,11,14,4,5,7,9,21,14,45,55,1.00,0,50,0,0,0,0,50,5.00,3.00,0,0,0,0,0,0,0,0,0,Estádio do Governo do Estado de Goiás (Serra Dourada) (Goiânia- Goiás)
1488493800,Mar 2 2017 - 10:30pm,complete,2225,Ponte Preta,Cuiabá,0.00,3.00,1.00,1.33,1,1,2,2,1,1,"20","38",0,2,1,1,5,1,9,10,3,6,6,4,12,22,61,39,1.00,0,50,0,0,0,0,0,-1.00,3.00,0,0,0,0,0,0,0,0,0,Estádio Moisés Lucarelli (Campinas- São Paulo)
1489012200,Mar 8 2017 - 10:30pm,complete,8266,Paraná,Bahia,0.00,3.00,2.00,1.50,2,0,2,0,0,0,"51,84","",3,6,2,1,1,0,10,11,6,2,4,9,24,24,46,54,1.00,0,50,0,0,0,0,0,3.00,3.00,0,0,0,0,0,0,0,0,0,Estádio Durival de Britto e Silva (Curitiba- Paraná)
1489012200,Mar 8 2017 - 10:30pm,complete,15101,São Paulo,ABC,0.00,1.00,1.50,0.50,3,1,4,1,1,0,"28,50,56","53",6,2,0,0,2,0,22,9,11,4,11,5,12,23,65,35,1.00,50,50,0,0,0,0,50,2.00,5.00,0,0,0,0,0,0,0,0,0,Estádio Cícero Pompeu de Toledo (Morumbi) (São Paulo- São Paulo)
1489012200,Mar 8 2017 - 10:30pm,complete,5750,Goiás,Cuiabá,0.00,2.00,3.00,1.33,4,0,4,1,1,0,"32,73,75,82","",6,1,3,1,5,1,17,5,6,4,11,1,16,17,62,38,1.00,25,50,0,0,0,25,25,0.50,5.00,0,0,0,0,0,0,0,0,0,Estádio do Governo do Estado de Goiás (Serra Dourada) (Goiânia- Goiás)
1489015800,Mar 8 2017 - 11:30pm,complete,3360,Joinville,Gurupi,3.00,0.00,3.00,0.00,3,1,4,2,1,1,"42,86,90'2","45",14,2,2,1,6,0,10,4,7,3,3,1,15,27,70,30,0.50,0,0,0,0,0,0,50,3.00,4.00,0,0,0,0,0,0,0,0,0,Arena Joinville (Joinville- Santa Catarina)
1489020300,Mar 9 2017 - 12:45am,complete,8377,Sampaio Corrêa,Internacional,3.00,3.00,1.50,1.75,1,4,5,1,0,1,"57","35,50,64,66",0,6,1,0,2,0,7,17,4,10,3,7,13,15,45,55,2.00,0,100,0,0,0,0,0,10.00,4.00,0,0,0,0,0,0,0,0,0,Estádio Governador João Castelo Ribeiro Gonçalves (São Luís- Maranhão)
1489020300,Mar 9 2017 - 12:45am,complete,2893,Murici,Cruzeiro,2.00,3.00,1.33,1.71,0,2,2,0,0,0,"","73,89",2,3,2,0,1,0,4,13,2,7,2,6,15,19,57,43,2.50,75,75,75,25,0,25,75,12.00,7.00,0,0,0,0,0,0,0,0,0,Estádio José Gomes da Costa (Murici- Alagoas)
1489020300,Mar 9 2017 - 12:45am,complete,619,Boavista,Sport Recife,3.00,3.00,1.50,1.50,0,3,3,2,0,2,"","19,30,74",5,3,4,0,3,0,15,12,3,8,12,4,8,17,44,56,3.00,50,50,50,50,50,50,50,7.00,7.00,0,0,0,0,0,0,0,0,0,Estádio Eucy Resende de Mendonça (Saquarema- Rio de Janeiro)
1489097700,Mar 9 2017 - 10:15pm,complete,5476,Criciúma,Fluminense,1.00,3.00,1.00,1.40,1,1,2,2,1,1,"33","15",9,5,2,0,1,0,10,14,4,5,6,9,15,12,45,55,4.75,100,100,100,100,25,25,100,14.50,6.00,0,0,0,0,0,0,0,0,0,Estádio Heriberto Hülse (Criciúma- Santa Catarina)
1489097700,Mar 9 2017 - 10:15pm,complete,9883,Vasco da Gama,Vitória,0.00,3.00,1.00,1.67,1,1,2,0,0,0,"90'3","67",5,0,1,0,5,1,25,5,4,3,21,2,14,21,63,37,1.00,0,50,0,0,0,0,50,-1.00,1.00,0,0,0,0,0,0,0,0,0,Estádio Club de Regatas Vasco da Gama (Rio de Janeiro- Rio de Janeiro)
1489105800,Mar 10 2017 - 12:30am,complete,13324,Luverdense,Corinthians,0.00,2.00,0.00,2.00,0,2,2,2,0,2,"","21,25",7,5,2,0,1,0,18,14,3,7,15,7,11,9,45,55,0.25,0,0,0,0,0,0,25,7.00,2.00,0,0,0,0,0,0,0,0,0,Arena Pantanal (Cuiabá- Mato Grosso)
1489617000,Mar 15 2017 - 10:30pm,complete,15016,ABC,São Paulo,1.00,3.00,1.00,2.50,1,1,2,2,1,1,"2","38",6,5,5,0,4,0,13,13,5,6,8,7,-1,-1,0,0,2.75,75,75,25,25,25,25,50,6.00,8.00,0,0,0,0,0,0,0,0,0,Estádio Maria Lamas Farache (Natal- Rio Grande do Norte)
1489617000,Mar 15 2017 - 10:30pm,complete,6968,Fluminense,Criciúma,0.00,3.00,2.00,1.50,3,2,5,3,2,1,"15,19,62","29,88",5,8,1,0,6,0,13,15,8,5,5,10,13,17,44,56,0.50,0,0,0,0,0,0,0,6.00,2.00,0,0,0,0,0,0,0,0,0,Estádio Giulite Coutinho (Mesquita- Rio de Janeiro)
1489620600,Mar 15 2017 - 11:30pm,complete,2005,Gurupi,Joinville,3.00,3.00,3.00,1.00,1,0,1,0,0,0,"58","",-1,-1,3,0,4,0,-2,-2,-1,-1,-1,-1,-1,-1,49,51,1.75,25,50,25,0,0,25,25,-2.00,6.50,0,0,0,0,0,0,0,0,0,Estádio Gilberto Resende Rocha (Gurupi- Tocantins)
1489625100,Mar 16 2017 - 12:45am,complete,7620,Internacional,Sampaio Corrêa,3.00,1.00,2.50,0.50,3,0,3,1,1,0,"42,69,75","",7,6,3,0,3,0,13,14,7,9,6,5,16,19,55,45,3.50,100,100,50,50,50,50,100,15.00,11.00,0,0,0,0,0,0,0,0,0,Estádio José Pinheiro Borda (Porto Alegre- Rio Grande do Sul)
1489625100,Mar 16 2017 - 12:45am,complete,9106,Cruzeiro,Murici,3.00,0.00,2.00,0.00,3,0,3,2,2,0,"32,38,84","",6,4,0,0,1,0,18,4,11,2,7,2,18,6,60,40,3.00,0,50,50,50,50,50,50,1.00,0.00,0,0,0,0,0,0,0,0,0,Estádio Governador Magalhães Pinto (Belo Horizonte- Minas Gerais)
1489625100,Mar 16 2017 - 12:45am,complete,2014,Sport Recife,Boavista,3.00,3.00,2.50,1.50,1,0,1,1,1,0,"31","",5,3,2,0,1,0,11,4,5,4,6,0,18,18,54,46,2.50,0,100,50,0,0,50,50,5.00,4.00,0,0,0,0,0,0,0,0,0,Estádio Adelmar da Costa Carvalho (Recife- Pernambuco)
1489703400,Mar 16 2017 - 10:30pm,complete,18264,Vitória,Vasco da Gama,3.00,3.00,2.00,2.00,1,0,1,0,0,0,"59","",4,5,3,0,2,0,20,18,7,5,13,13,16,17,47,53,3.75,75,100,75,50,50,75,100,7.00,6.50,0,0,0,0,0,0,0,0,0,Estádio Manoel Barradas (Salvador- Bahia)
1489703400,Mar 16 2017 - 10:30pm,complete,25082,Corinthians,Luverdense,0.00,2.00,1.00,1.67,1,1,2,1,1,0,"30","72",9,4,0,0,2,0,22,21,6,8,16,13,4,13,51,49,1.25,50,50,25,0,0,0,50,1.50,3.00,0,0,0,0,0,0,0,0,0,Arena Corinthians (São Paulo- São Paulo)
1489710600,Mar 17 2017 - 12:30am,complete,1092,Cuiabá,Goiás,0.00,2.00,1.00,1.25,1,1,2,1,1,0,"26","60",-1,-1,5,1,2,0,-2,-2,-1,-1,-1,-1,-1,-1,51,49,1.50,25,25,25,25,25,25,25,3.00,2.00,0,0,0,0,0,0,0,0,0,Arena Pantanal (Cuiabá- Mato Grosso)
1489710600,Mar 17 2017 - 12:30am,complete,3791,ASA,Paraná,0.00,1.00,1.00,1.25,0,0,0,0,0,0,"","",3,1,5,0,3,0,20,7,11,3,9,4,20,22,56,44,1.00,50,50,0,0,0,0,50,10.00,5.00,0,0,0,0,0,0,0,0,0,Estádio Municipal Coaracy da Mata Fonseca (Arapiraca- Alagoas)
1491435000,Apr 5 2017 - 11:30pm,complete,6199,Paraná,ASA,3.00,2.00,2.00,1.67,0,0,0,0,0,0,"","",6,6,5,0,6,0,15,7,2,2,13,5,18,26,60,40,2.00,25,100,0,0,0,0,50,6.00,7.00,0,0,0,0,0,0,0,0,0,Estádio Durival de Britto e Silva (Curitiba- Paraná)
1492044300,Apr 13 2017 - 12:45am,complete,4781,Sport Recife,Joinville,3.00,1.50,2.50,1.00,2,1,3,1,1,0,"25,84","47",7,2,2,0,2,0,15,9,10,3,5,6,19,15,59,41,1.50,0,25,25,0,0,25,50,2.50,5.50,0,0,0,0,0,0,0,0,0,Estádio Adelmar da Costa Carvalho (Recife- Pernambuco)
1492044300,Apr 13 2017 - 12:45am,complete,34350,Internacional,Corinthians,3.00,2.33,2.50,2.00,1,1,2,0,0,0,"57","53",10,7,2,0,3,0,18,12,5,7,13,5,10,12,58,42,2.50,25,67,50,25,25,42,84,13.83,5.17,0,0,0,0,0,0,0,0,0,Estádio José Pinheiro Borda (Porto Alegre- Rio Grande do Sul)
1492121700,Apr 13 2017 - 10:15pm,complete,9220,Vitória,Paraná,3.00,1.00,2.00,1.25,0,2,2,1,0,1,"","45'4,88",3,2,0,1,3,0,11,8,3,4,8,4,16,17,62,38,2.00,50,50,25,25,25,25,50,9.50,7.00,0,0,0,0,0,0,0,0,0,Estádio Manoel Barradas (Salvador- Bahia)
1492129800,Apr 14 2017 - 12:30am,complete,43662,São Paulo,Cruzeiro,3.00,3.00,1.50,1.71,0,2,2,0,0,0,"","62,70",4,0,2,0,2,0,8,5,5,3,3,2,16,14,61,39,3.25,75,100,75,50,0,0,75,12.00,2.50,0,0,0,0,0,0,0,0,0,Estádio Cícero Pompeu de Toledo (Morumbi) (São Paulo- São Paulo)
1492129800,Apr 14 2017 - 12:30am,complete,16190,Goiás,Fluminense,3.00,2.33,3.00,1.40,2,1,3,1,0,1,"84,88","10",3,3,5,1,4,1,14,8,3,3,11,5,17,17,60,40,4.17,50,100,84,84,17,34,100,10.67,6.67,0,0,0,0,0,0,0,0,0,Estádio do Governo do Estado de Goiás (Serra Dourada) (Goiânia- Goiás)
1492641000,Apr 19 2017 - 10:30pm,complete,7399,Paraná,Vitória,2.00,2.00,2.00,1.67,0,0,0,0,0,0,"","",0,8,1,0,3,0,6,11,2,3,4,8,14,18,35,65,1.50,25,75,0,0,0,0,25,4.00,7.50,0,0,0,0,0,0,0,0,0,Estádio Durival de Britto e Silva (Curitiba- Paraná)
1492641000,Apr 19 2017 - 10:30pm,complete,36193,Cruzeiro,São Paulo,3.00,2.33,2.00,2.50,1,2,3,1,0,1,"60","15,79",2,4,0,0,3,0,13,12,5,6,8,6,10,16,43,57,3.75,34,84,67,42,42,84,100,7.83,3.33,0,0,0,0,0,0,0,0,0,Estádio Governador Magalhães Pinto (Belo Horizonte- Minas Gerais)
1492649100,Apr 20 2017 - 12:45am,complete,4934,Joinville,Sport Recife,3.00,3.00,3.00,1.50,2,1,3,0,0,0,"77,90","73",6,3,2,0,5,0,14,8,6,3,8,5,16,16,57,43,3.25,50,75,75,50,25,75,100,11.00,7.00,0,0,0,0,0,0,0,0,0,Arena Joinville (Joinville- Santa Catarina)
1492649100,Apr 20 2017 - 12:45am,complete,32352,Corinthians,Internacional,1.00,3.00,1.00,1.75,1,1,2,1,1,0,"8","72",5,11,1,0,2,0,13,14,5,10,8,4,11,12,45,55,2.75,75,100,25,25,25,0,75,16.00,2.00,0,0,0,0,0,0,0,0,0,Arena Corinthians (São Paulo- São Paulo)
1492649100,Apr 20 2017 - 12:45am,complete,20062,Fluminense,Goiás,3.00,1.67,2.00,1.25,3,0,3,0,0,0,"58,62,82","",10,4,3,0,3,1,15,10,7,3,8,7,15,15,62,38,3.84,84,84,67,67,67,67,84,6.67,3.00,0,0,0,0,0,0,0,0,0,Estadio Jornalista Mário Filho (Maracanã) (Rio de Janeiro- Rio de Janeiro)
1493245800,Apr 26 2017 - 10:30pm,complete,6266,Santos,Paysandu,0.00,0.00,3.00,0.00,2,0,2,0,0,0,"49,89","",9,4,4,0,3,0,15,13,10,5,5,8,13,9,61,39,0.00,0,0,0,0,0,0,0,0.00,0.00,0,0,0,0,0,0,0,0,0,Estádio Urbano Caldeira (Santos- São Paulo)
1493253900,Apr 27 2017 - 12:45am,complete,12271,Botafogo,Sport Recife,0.00,2.00,2.33,1.50,2,1,3,1,0,1,"57,83","9",4,4,4,1,4,0,12,10,5,3,7,7,17,23,45,55,1.84,34,50,50,17,17,34,34,2.67,3.67,0,0,0,0,0,0,0,0,0,Estádio Nilton Santos (Rio de Janeiro)
1493858700,May 4 2017 - 12:45am,complete,11716,Cruzeiro,Chapecoense,2.00,0.00,2.00,0.00,1,0,1,1,1,0,"3","",5,8,1,0,3,0,7,9,2,5,5,4,11,15,58,42,2.00,17,50,50,17,17,34,50,3.00,0.00,0,0,0,0,0,0,0,0,0,Estádio Governador Magalhães Pinto (Belo Horizonte- Minas Gerais)
1494455400,May 10 2017 - 10:30pm,complete,33161,Flamengo,Atlético GO,0.00,0.00,2.00,1.00,0,0,0,0,0,0,"","",9,7,0,0,0,0,18,12,3,2,15,10,18,18,63,37,0.00,0,0,0,0,0,0,0,0.00,0.00,0,0,0,0,0,0,0,0,0,Estadio Jornalista Mário Filho (Maracanã) (Rio de Janeiro- Rio de Janeiro)
1494463500,May 11 2017 - 12:45am,complete,11733,Paysandu,Santos,0.00,0.00,0.00,1.50,1,3,4,1,0,1,"49","26,61,79",4,6,0,0,1,0,6,13,2,8,4,5,9,8,41,59,0.00,0,0,0,0,0,0,0,0.00,0.00,0,0,0,0,0,0,0,0,0,Estádio Estadual Jornalista Edgar Augusto Proença (Belém- Pará)
1494463500,May 11 2017 - 12:45am,complete,4030,Santa Cruz,Atlético PR,0.00,0.00,1.00,0.50,0,0,0,0,0,0,"","",6,4,2,0,3,0,12,10,3,2,9,8,11,17,47,53,0.00,0,0,0,0,0,0,0,0.00,0.00,0,0,0,0,0,0,0,0,0,Estádio Jóse do Rego Maciel (Recife- Pernambuco)
1495068300,May 18 2017 - 12:45am,complete,20836,Grêmio,Fluminense,0.00,1.75,3.00,1.40,3,1,4,2,1,1,"18,65,71","5",6,6,1,0,6,0,15,10,10,6,5,4,13,24,56,44,2.00,50,50,38,25,13,25,50,4.25,2.75,0,0,0,0,0,0,0,0,0,Arena do Grêmio (Porto Alegre- Rio Grande do Sul)
1495068300,May 18 2017 - 12:45am,complete,31463,Palmeiras,Internacional,0.00,2.33,2.00,1.75,1,0,1,1,1,0,"33","",6,3,1,0,2,0,15,10,4,5,11,5,23,15,55,45,1.50,34,50,17,17,17,0,34,8.33,2.00,0,0,0,0,0,0,0,0,0,Allianz Parque (São Paulo- São Paulo)
1495673100,May 25 2017 - 12:45am,complete,14709,Atlético GO,Flamengo,0.00,0.00,0.00,1.25,1,2,3,2,1,1,"28","13,80",5,2,4,0,2,0,18,8,8,5,10,3,15,17,50,50,0.00,0,0,0,0,0,0,0,0.00,0.00,0,0,0,0,0,0,0,0,0,Estádio do Governo do Estado de Goiás (Serra Dourada) (Goiânia- Goiás)
1495673100,May 25 2017 - 12:45am,complete,17984,Paraná,Atlético Mineiro,1.67,0.00,2.00,0.00,3,2,5,2,1,1,"20,65,74","9,56",0,10,4,0,3,0,9,21,4,10,5,11,18,20,42,58,0.34,0,17,0,0,0,0,0,3.00,3.00,0,0,0,0,0,0,0,0,0,Estádio Major Antônio Couto Pereira (Curitiba- Paraná)
1496269800,May 31 2017 - 10:30pm,complete,14896,Atlético PR,Santa Cruz,0.00,0.00,1.50,0.00,2,0,2,1,1,0,"6,69","",5,1,2,0,1,0,22,8,8,4,14,4,20,13,55,45,0.00,0,0,0,0,0,0,0,0.00,0.00,0,0,0,0,0,0,0,0,0,Estádio Joaquim Américo Guimarães (Curitiba- Paraná)
1496269800,May 31 2017 - 10:30pm,complete,21172,Fluminense,Grêmio,3.00,0.00,2.00,2.00,0,2,2,2,0,2,"","18,29",5,4,3,1,3,0,7,11,3,6,4,5,13,13,47,53,2.00,25,50,50,25,25,25,25,7.50,2.00,0,0,0,0,0,0,0,0,0,Estadio Jornalista Mário Filho (Maracanã) (Rio de Janeiro- Rio de Janeiro)
1496277900,Jun 1 2017 - 12:45am,complete,10385,Sport Recife,Botafogo,3.00,0.00,2.50,0.33,1,1,2,1,0,1,"68","12",8,0,3,1,4,0,19,10,5,4,14,6,14,11,65,35,1.17,17,34,34,0,0,17,50,4.67,1.67,0,0,0,0,0,0,0,0,0,Estádio Adelmar da Costa Carvalho (Recife- Pernambuco)
1496277900,Jun 1 2017 - 12:45am,complete,31871,Internacional,Palmeiras,2.33,0.00,2.50,0.50,2,1,3,1,1,0,"9,55","80",6,3,2,0,5,0,11,9,4,4,7,5,12,16,47,53,1.67,34,50,34,17,17,17,34,8.33,3.00,0,0,0,0,0,0,0,0,0,Estádio José Pinheiro Borda (Porto Alegre- Rio Grande do Sul)
1496277900,Jun 1 2017 - 12:45am,complete,16614,Atlético Mineiro,Paraná,0.00,1.67,3.00,1.25,2,0,2,1,1,0,"41,67","",7,2,1,0,4,0,15,14,5,5,10,9,18,10,51,49,0.67,17,34,0,0,0,0,34,4.33,3.67,0,0,0,0,0,0,0,0,0,Estádio Raimundo Sampaio (Belo Horizonte- Minas Gerais)
1496363400,Jun 2 2017 - 12:30am,complete,6387,Chapecoense,Cruzeiro,0.00,3.00,1.00,1.71,0,0,0,0,0,0,"","",8,4,3,2,5,0,14,11,6,3,8,8,17,13,53,47,1.17,17,50,17,0,0,0,17,4.00,2.33,0,0,0,0,0,0,0,0,0,Arena Condá (Chapecó- Santa Catarina)
1498689000,Jun 28 2017 - 10:30pm,complete,25738,Grêmio,Atlético PR,3.00,1.00,3.00,0.50,4,0,4,3,3,0,"23,30,33,87","",9,1,1,0,4,1,21,5,10,3,11,2,13,14,62,38,2.00,50,50,50,50,0,50,50,10.00,4.00,0,0,0,0,0,0,0,0,0,Arena do Grêmio (Porto Alegre- Rio Grande do Sul)
1498697100,Jun 29 2017 - 12:45am,complete,15564,Flamengo,Santos,1.00,3.00,2.00,1.50,2,0,2,1,1,0,"27,88","",5,4,1,0,1,0,15,6,7,0,8,6,18,13,49,51,2.00,50,50,50,50,0,0,50,15.00,1.00,0,0,0,0,0,0,0,0,0,Estádio Luso-Brasileiro (Rio de Janeiro- Rio de Janeiro)
1498697100,Jun 29 2017 - 12:45am,complete,32067,Palmeiras,Cruzeiro,3.00,2.50,2.00,1.71,3,3,6,3,0,3,"52,61,65","6,19,31",7,2,3,0,4,0,20,6,10,4,10,2,24,21,64,36,1.38,13,38,13,0,0,0,63,10.00,4.00,0,0,0,0,0,0,0,0,0,Allianz Parque (São Paulo- São Paulo)
1498775400,Jun 29 2017 - 10:30pm,complete,19871,Atlético Mineiro,Botafogo,3.00,1.00,3.00,0.33,1,0,1,1,1,0,"7","",7,4,3,1,1,0,9,10,4,4,5,6,11,13,45,55,2.00,50,100,0,0,0,0,100,7.00,5.00,0,0,0,0,0,0,0,0,0,Estádio Raimundo Sampaio (Belo Horizonte- Minas Gerais)
1501108200,Jul 26 2017 - 10:30pm,complete,27266,Botafogo,Atlético Mineiro,3.00,0.00,2.33,0.00,3,0,3,2,2,0,"6,42,90","",5,6,1,0,1,0,9,10,5,2,4,8,15,10,37,63,4.00,100,100,100,50,50,50,100,14.00,8.00,0,0,0,0,0,0,0,0,0,Estádio Nilton Santos (Rio de Janeiro)
1501116300,Jul 27 2017 - 12:45am,complete,12507,Santos,Flamengo,3.00,3.00,3.00,1.25,4,2,6,2,1,1,"34,54,55,90'4","10,46",5,3,3,0,4,0,18,13,12,7,6,6,16,14,52,48,2.50,50,100,50,0,0,50,50,11.00,6.00,0,0,0,0,0,0,0,0,0,Estádio Urbano Caldeira (Santos- São Paulo)
1501116300,Jul 27 2017 - 12:45am,complete,44842,Cruzeiro,Palmeiras,2.25,0.00,2.00,0.50,1,1,2,0,0,0,"85","71",5,8,3,0,3,0,12,8,5,3,7,5,19,23,51,49,3.13,63,88,88,13,13,25,100,6.50,5.25,0,0,0,0,0,0,0,0,0,Estádio Governador Magalhães Pinto (Belo Horizonte- Minas Gerais)
1501202700,Jul 28 2017 - 12:45am,complete,11999,Atlético PR,Grêmio,3.00,3.00,1.50,2.00,2,3,5,2,1,1,"16,90'2","27,69,80",4,2,1,0,1,0,11,8,4,5,7,3,13,9,55,45,2.00,0,100,0,0,0,50,100,9.00,5.00,0,0,0,0,0,0,0,0,0,Estádio Joaquim Américo Guimarães (Curitiba- Paraná)
1502930700,Aug 17 2017 - 12:45am,complete,33067,Botafogo,Flamengo,3.00,1.50,2.33,1.25,0,0,0,0,0,0,"","",3,4,4,1,1,1,6,8,2,4,4,4,14,15,40,60,3.75,75,100,100,25,25,75,100,7.00,6.00,0,0,0,0,0,0,0,0,0,Estádio Nilton Santos (Rio de Janeiro)
1502930700,Aug 17 2017 - 12:45am,complete,41711,Grêmio,Cruzeiro,3.00,2.20,3.00,1.71,1,0,1,1,1,0,"45'1","",3,2,3,0,3,0,9,3,5,3,4,0,17,19,47,53,3.30,45,90,70,60,10,60,70,11.10,4.20,0,0,0,0,0,0,0,0,0,Arena do Grêmio (Porto Alegre- Rio Grande do Sul)
1503535500,Aug 24 2017 - 12:45am,complete,53148,Flamengo,Botafogo,2.00,0.50,2.00,0.33,1,0,1,0,0,0,"70","",8,0,1,0,3,0,7,6,3,0,4,6,19,17,55,45,1.25,25,50,0,0,0,0,75,9.00,3.00,0,0,0,0,0,0,0,0,0,Estadio Jornalista Mário Filho (Maracanã) (Rio de Janeiro- Rio de Janeiro)
1503535500,Aug 24 2017 - 12:45am,complete,55227,Cruzeiro,Grêmio,2.00,3.00,2.00,2.00,1,0,1,0,0,0,"52","",7,3,3,0,4,0,11,5,6,2,5,3,14,10,52,48,3.25,45,90,55,35,35,70,90,6.80,2.80,0,0,0,0,0,0,0,0,0,Estádio Governador Magalhães Pinto (Belo Horizonte- Minas Gerais)
1504831500,Sep 8 2017 - 12:45am,complete,66165,Flamengo,Cruzeiro,2.33,1.83,2.00,1.71,1,1,2,0,0,0,"76","84",6,3,1,0,3,0,14,12,7,5,7,7,7,16,65,35,1.67,17,50,17,9,9,9,42,10.66,3.84,0,0,0,0,0,0,0,0,0,Estadio Jornalista Mário Filho (Maracanã) (Rio de Janeiro- Rio de Janeiro)
1506559500,Sep 28 2017 - 12:45am,complete,61146,Cruzeiro,Flamengo,2.17,1.33,2.00,1.25,0,0,0,0,0,0,"","",6,7,2,0,2,0,6,9,0,4,6,5,12,18,52,48,2.84,50,67,59,25,25,50,67,7.33,4.17,0,0,0,0,0,0,0,0,0,Estádio Governador Magalhães Pinto (Belo Horizonte- Minas Gerais)
